variable,count,mean,std,min,25%,50%,75%,max,original
dummy1,1000.0,0.0003009871293338085,0.010758675998497906,-0.0354229544568411,-0.006908621522496625,0.00048515489409780004,0.007484399591310075,0.0353320598435376,0.0021530194129653
dummy2,1000.0,0.0005063466800443726,0.010815807908155941,-0.0310206303624438,-0.0071411095244364505,0.00087422367674065,0.0071299021764392005,0.0382670412130821,0.0070644543868176
x1,1000.0,0.08105530074275197,2.993306926732724,-10.429168520753318,-1.8890275712661855,0.11525611268342945,1.949522748582151,28.204416297298607,28.204416297298607
x2,1000.0,0.6639506731621369,8.124140911146299,-23.591936267742263,-4.565339647383187,0.47088115802467767,5.905297501566419,75.04951347896204,75.04951347896204
x3,1000.0,0.04104765346507777,1.8926203373225716,-5.069696829185403,-1.1899702536044705,0.035617445648295346,1.1870385570451312,17.753600005120855,17.753600005120855
